{
    "e3de78b756e18a13cb0b94f46a01a28a": {
        "user": "brojtygem",
        "expires": 1652428165434,
        "created": "1651218565434"
    },
    "eeceb03a45a2023ad18ad281ad9898c0": {
        "user": "brojtygem",
        "expires": 1652428166400,
        "created": "1651218566400"
    },
    "a58b198071570b3c76855e4d0505e94f": {
        "user": "brojtygem",
        "expires": 1652428167247,
        "created": "1651218567247"
    },
    "f7e2c350f1103d7daf2ef01cb66ad945": {
        "user": "brojtygem",
        "expires": 1652428168030,
        "created": "1651218568030"
    },
    "ad7fcefd4b14984b138d9afdfb89b37e": {
        "user": "brojtygem",
        "expires": 1652428168730,
        "created": "1651218568730"
    },
    "68718468d158527a06ac42ce89204cb4": {
        "user": "brojtygem",
        "expires": 1652428531733,
        "created": "1651218931733"
    },
    "47df1c591b44268bf1c03bd2c0ddb22c": {
        "user": "brojtygem",
        "expires": 1652428544953,
        "created": "1651218944953"
    }
}