{
    "admin": {
        "displayName": "admin",
        "password": "admin",
        "sessions": [],
        "perms": "admin"
    },
    "brojtygem": {
        "displayName": "Brojt",
        "password": "$2b$10$2nTul7W9lm8VPC3PfNxBMe6Kex.W4DJ94ERCU04g3UwV4VsczY2NG",
        "sessions": [],
        "perms": "user"
    },
    "broj": {
        "displayName": "Brojtygem",
        "password": "$2b$10$T1xkibgAVCuZzbZTHMDgU.4mTnuSJqFCQcIrnlptV4/PLCkzLGtd.",
        "sessions": [],
        "perms": "user"
    }
}